,iterations,auroc,auprc
0,0.0,0.981157573783985,0.7846008437776433
